{"cameraMode":{"drawMode":0,"name":"Shaded","section":"Shading Mode"},"sceneLighting":true,"audioPlay":false,"sceneViewState":{"m_AlwaysRefresh":false,"showFog":true,"showSkybox":true,"showFlares":true,"showImageEffects":true,"showParticleSystems":true,"showVisualEffectGraphs":true,"m_FxEnabled":true},"in2DMode":false,"pivot":{"x":-51.84267807006836,"y":9.171371459960938,"z":34.93101119995117},"rotation":{"x":0.030799897387623788,"y":0.9062050580978394,"z":-0.06702175736427307,"w":0.4168504774570465},"size":1.2247449159622193,"orthographic":false}