{"cameraMode":{"drawMode":0,"name":"Shaded","section":"Shading Mode"},"sceneLighting":false,"audioPlay":false,"sceneViewState":{"m_AlwaysRefresh":false,"showFog":true,"showSkybox":false,"showFlares":true,"showImageEffects":true,"showParticleSystems":true,"showVisualEffectGraphs":true,"m_FxEnabled":true},"in2DMode":false,"pivot":{"x":0.044389232993125918,"y":2.8466956615448,"z":1.7699769735336304},"rotation":{"x":-0.10290925204753876,"y":0.47505608201026919,"z":-0.05580908805131912,"w":-0.8723762631416321},"size":3.619381904602051,"orthographic":false}